#{"t_start": 1654275191.4888535, "env_id": "kelin-v0"}
r,l,t
-16.61308,100,2.563083
-18.521419,100,4.631867
-19.222901,100,6.515907
-14.96468,100,8.446898
-12.495741,100,10.544074
-10.363631,100,12.837269
-19.301603,100,15.045229
-14.816899,100,17.710397
-31.18792,100,20.555335
-20.913682,100,23.233178
-11.98284,100,26.13283
-12.759464,100,29.656435
993.036886,100,32.247237
-31.022283,100,34.85288
-24.899224,100,37.431082
-20.635914,100,40.022849
-21.152958,100,42.47426
-14.74259,100,44.987234
578.59738,100,47.545477
463.485264,100,50.345273
-19.320581,100,53.05946
-110.175172,100,55.819536
-8.972953,100,58.946086
-20.193663,100,61.609735
-18.952757,100,64.283949
-12.1597,100,67.317549
168.49332,100,70.143365
-21.184025,100,72.931907
-9.569447,100,75.50506
-17.803782,100,78.174877
-31.001082,100,81.266736
-18.456314,100,84.169864
-20.937528,100,86.99848
-11.936102,100,89.719585
-12.148118,100,92.555231
-7.111562,100,95.105085
-17.769564,100,97.685019
-15.784561,100,100.192847
992.894421,100,102.753818
-19.413732,100,105.274945
-11.961072,100,107.81393
-18.213742,100,110.395169
-9.965119,100,112.8606
993.053217,100,115.354741
-21.239115,100,117.874019
-9.801245,100,120.414745
-18.069994,100,122.967074
-19.087885,100,125.455472
-25.572434,100,127.983231
-18.652733,100,130.604709
-9.792859,100,133.645848
-22.242587,100,136.674711
-8.955774,100,139.234392
-9.789471,100,141.906133
-7.598591,100,144.382507
-15.182314,100,147.078933
-9.449719,100,149.561771
-19.804894,100,152.052647
-189.318386,100,154.615077
-21.199317,100,157.109833
-17.607306,100,159.814937
-21.107843,100,162.440604
-9.349088,100,164.876932
-15.887389,100,167.425488
-21.060478,100,170.154737
-21.142331,100,172.671439
-7.028685,100,175.244942
-19.087234,100,178.021044
-31.078054,100,180.643541
-9.138263,100,183.14473
678.57059,100,185.636241
-9.573878,100,188.167698
-25.673601,100,190.664727
-16.157239,100,193.174839
-19.024843,100,195.740611
-9.602921,100,198.234863
-8.518916,100,200.873746
-18.258456,100,203.385599
388.415781,100,205.863498
-20.330218,100,208.402682
-9.647224,100,210.982641
-15.765602,100,213.464511
-21.146306,100,216.000708
-18.88186,100,218.625669
-12.817115,100,221.30272
-11.869754,100,223.804451
-16.039761,100,226.334592
-17.585438,100,228.848786
-24.855907,100,231.402803
-20.170707,100,233.897662
-9.558675,100,236.652812
-17.970877,100,239.12696
-21.665463,100,241.684406
-21.027992,100,244.266518
-9.757467,100,246.795632
-11.957744,100,249.352602
-21.045806,100,251.864498
-12.452551,100,254.530511
728.75325,100,257.05117
-12.751235,100,259.622321
-15.960178,100,262.211663
-12.655932,100,264.992548
-11.850973,100,267.534535
-11.81588,100,270.059233
-12.015364,100,272.59267
992.886599,100,275.112326
-9.753002,100,277.614353
-14.852321,100,280.112668
-12.638719,100,282.624465
-17.557869,100,285.154213
-17.230277,100,287.644467
-17.832942,100,290.192183
448.579264,100,292.722389
-21.347895,100,295.303381
-9.735459,100,297.824227
-21.460685,100,300.324289
992.965423,100,302.892533
-9.005808,100,305.409653
-7.543807,100,307.943466
-18.934504,100,310.514264
-11.78958,100,313.062367
-21.047001,100,315.604457
992.856106,100,318.206046
-12.07592,100,320.705215
-11.878633,100,323.33446
-17.343115,100,325.946659
-30.321115,100,328.53229
-15.380398,100,331.401298
-9.072799,100,334.244264
-11.950585,100,336.873437
20.625201,100,339.543167
-24.016551,100,342.532541
-19.456221,100,345.474097
-8.91282,100,348.102448
-19.234959,100,350.897265
-25.480929,100,353.702479
-9.601665,100,356.494083
-17.842313,100,359.144686
-15.526566,100,361.64221
993.069073,100,364.181948
-15.931735,100,366.714368
-17.395511,100,369.287136
-11.686379,100,371.834233
-19.820651,100,374.613503
-30.636755,100,377.467918
-25.258194,100,380.22805
143.130052,100,383.039749
-18.453259,100,385.724185
-17.791868,100,388.345211
-30.667821,100,391.423609
-15.419185,100,394.582546
993.06842,100,397.421606
-8.864948,100,400.472853
130.667846,100,403.341775
-30.404351,100,406.072075
-24.780131,100,408.888991
-37.755938,100,411.921521
-18.834557,100,414.947888
-11.947908,100,418.005421
-15.169169,100,420.698859
-8.740174,100,423.708187
-20.016386,100,426.302411
-20.216145,100,429.28199
-30.330964,100,431.922261
-21.936072,100,434.594023
-12.47097,100,437.252843
-12.106037,100,440.116844
-325.079735,100,442.726396
-15.731479,100,445.69165
-17.269307,100,448.61576
-9.598656,100,451.331824
698.863938,100,454.468655
-22.298856,100,457.227192
-8.991566,100,460.124881
-9.802827,100,463.344033
-17.68123,100,466.056712
-18.606809,100,468.644914
-19.91093,100,471.277806
538.584953,100,473.786053
-18.371573,100,476.277745
-15.893341,100,478.818669
-21.910718,100,481.452017
-139.851631,100,483.892823
-20.4965,100,486.386413
-17.483631,100,488.832961
-12.333314,100,491.313908
-15.125561,100,493.738492
-9.403875,100,496.192849
-19.928275,100,498.670405
-19.845359,100,501.135102
-15.925797,100,503.565702
-15.304022,100,505.985573
-17.958567,100,508.449839
-9.200386,100,510.927077
-12.033118,100,513.313784
-12.554388,100,515.773576
-15.88315,100,518.216657
-15.9116,100,520.713367
-19.394238,100,523.112342
-19.073134,100,525.609661
-9.476097,100,528.049372
-17.858457,100,530.505193
-20.990564,100,532.928496
992.808227,100,535.375198
-31.290281,100,537.842717
-9.756879,100,540.342305
-19.257651,100,542.747086
-30.967417,100,545.158614
-15.946202,100,547.58516
-25.162598,100,550.016272
-20.083981,100,552.428596
-7.681553,100,554.873589
-11.996065,100,557.390589
-9.198709,100,559.802541
-21.633187,100,562.251611
-30.306128,100,564.710169
-30.757638,100,567.340398
-29.86514,100,569.7709
992.853854,100,572.168375
688.45089,100,574.562396
-7.898112,100,577.010051
-18.387284,100,579.393748
-7.48202,100,581.807602
433.361141,100,584.201952
-17.329504,100,586.647357
-11.940565,100,589.09098
-20.397224,100,591.505586
-20.1422,100,593.906911
-17.319643,100,596.34023
-9.842449,100,598.753025
993.060439,100,601.180566
-12.490741,100,603.581779
-21.751046,100,606.053407
993.087552,100,608.476712
-18.287241,100,610.91211
-17.526862,100,613.311693
-24.759052,100,615.761117
-17.280265,100,618.188928
-9.887081,100,620.616872
-19.177762,100,623.035318
-24.424711,100,625.48085
-24.757953,100,627.87812
628.577585,100,630.335483
-11.351214,100,632.729709
-24.624837,100,635.133786
-8.913101,100,637.651804
-17.062385,100,640.093047
-15.80684,100,642.493522
-15.81767,100,644.911259
993.111902,100,647.319747
-17.883264,100,650.373016
-16.107737,100,653.368486
-15.502985,100,655.774771
190.666293,100,658.190346
-19.303992,100,660.583666
-20.704927,100,663.720302
-30.178403,100,666.548918
-9.720443,100,669.27869
-17.928885,100,672.024516
-14.35242,100,674.785837
-11.401019,100,677.710319
-19.585655,100,680.597066
-15.764604,100,683.49176
-16.99794,100,686.186393
-17.55267,100,688.803806
-19.349066,100,691.245375
-18.722257,100,693.650906
-14.911577,100,696.053473
-24.582853,100,698.462695
-14.969121,100,700.885567
-19.580128,100,703.293943
-17.336944,100,705.680809
-15.691022,100,708.127584
-20.159778,100,710.570205
-19.303991,100,712.996494
-20.374173,100,715.39633
-15.309372,100,717.830657
-20.533016,100,720.227307
618.583215,100,723.039516
-29.354881,100,725.473891
-17.630001,100,727.885773
-9.689433,100,730.309656
-15.928878,100,732.703363
-9.79128,100,735.106959
-19.19093,100,737.538165
463.497202,100,739.945221
-17.820646,100,742.379579
-19.167472,100,744.78854
-18.732384,100,747.2277
-30.143811,100,749.657773
993.0998,100,752.06155
-17.08796,100,754.496959
-30.235621,100,756.929725
-18.735565,100,759.338532
-9.616789,100,761.770957
-20.125033,100,764.156687
-19.241519,100,766.584128
403.358687,100,769.032819
-19.666431,100,771.467373
-11.336824,100,773.886023
-17.980451,100,776.943494
-20.571118,100,779.851535
-19.736332,100,782.29644
-17.594301,100,784.760719
-17.257073,100,787.201851
-17.386513,100,789.7577
-15.276724,100,792.465036
-19.025366,100,794.914157
393.183983,100,797.327096
-149.156805,100,799.767952
-30.303285,100,802.238538
-17.18346,100,804.808411
-9.678247,100,807.315818
-11.38362,100,809.744218
-15.994109,100,812.147188
-16.830874,100,814.583369
-24.151036,100,817.04784
-18.448981,100,819.476435
-11.737088,100,821.923457
-20.132398,100,824.319463
-18.899623,100,826.784374
-18.755667,100,829.249248
-8.994228,100,831.694906
-20.7271,100,834.118556
-19.950047,100,836.595235
993.143763,100,839.054895
-9.635605,100,841.449383
-11.257355,100,843.880584
-18.736211,100,846.34807
668.432786,100,848.79194
-12.605428,100,851.192954
-9.619856,100,853.590476
-20.238305,100,856.034928
-18.656917,100,858.469702
758.702014,100,860.922729
-15.039295,100,863.325698
-17.086911,100,865.906084
-9.429563,100,868.460838
-9.419836,100,870.924603
-20.728706,100,873.438765
313.102881,100,875.907417
-20.381635,100,878.325133
-8.822265,100,880.789241
-8.852038,100,883.207438
-10.022832,100,885.633267
993.148186,100,888.095481
-18.724091,100,890.553619
-9.77419,100,892.999006
993.127196,100,895.396428
718.536292,100,897.814431
-17.399449,100,900.252847
-15.136644,100,902.676307
-30.220264,100,905.209403
-17.73958,100,907.63843
-19.226712,100,910.095261
-16.254659,100,912.49712
-8.600684,100,914.945559
-20.065138,100,917.379246
-20.196117,100,919.783714
-15.079635,100,922.221093
-23.455109,100,925.294261
-18.272108,100,927.91087
-9.702589,100,930.433011
-18.935657,100,932.885453
-9.227881,100,935.382073
-11.277438,100,937.818531
-20.306429,100,940.252992
-11.383947,100,942.641864
618.425748,100,945.093478
-11.665865,100,947.540963
-11.208515,100,950.01562
-17.621013,100,952.480115
-11.360257,100,955.098291
-12.533389,100,957.842575
-11.300213,100,960.314896
0.675394,100,962.741735
-18.638345,100,965.211906
993.140227,100,967.627864
-18.944279,100,970.09458
-11.225591,100,972.561347
-8.824074,100,975.024618
-24.106624,100,977.527568
-8.73943,100,979.946783
-18.193918,100,982.420654
503.524945,100,985.107542
688.823729,100,987.705002
-9.631785,100,990.179636
-9.538141,100,992.701215
513.507196,100,995.177111
-21.281462,100,997.617011
40.65142,100,1000.050666
-18.061968,100,1002.462399
-18.397938,100,1004.926293
-20.288057,100,1007.403884
-23.838137,100,1009.853206
-9.597443,100,1012.325901
993.125844,100,1014.781793
-11.554757,100,1017.247401
313.008454,100,1019.706174
-18.031388,100,1022.152987
-19.205398,100,1025.243353
-19.178115,100,1028.325813
-14.693163,100,1030.776321
-18.882507,100,1033.223017
-9.300327,100,1035.689011
718.821471,100,1038.154356
758.494921,100,1040.617334
-9.004046,100,1043.072726
-12.501213,100,1045.522432
-19.157028,100,1047.969576
-20.482794,100,1050.473149
513.493448,100,1052.911072
598.606553,100,1055.398634
-21.056334,100,1057.832274
593.666157,100,1060.276271
-9.943103,100,1062.752606
-18.109321,100,1065.226943
-18.517325,100,1067.836372
-20.689904,100,1070.35153
-12.238181,100,1072.791074
-30.379411,100,1075.268374
-17.699471,100,1077.735418
-11.322439,100,1080.206706
-17.348621,100,1083.481457
-20.926924,100,1085.980008
-21.015461,100,1088.496169
-23.848192,100,1090.885885
-14.533207,100,1093.341044
-14.673993,100,1095.783528
-16.156935,100,1098.212789
-20.621338,100,1100.668648
-14.554874,100,1103.120061
993.089389,100,1105.581856
-12.023275,100,1108.03567
-11.287069,100,1110.55256
-8.554734,100,1113.012072
-19.348951,100,1115.524328
-14.655571,100,1118.018237
-12.230521,100,1120.512745
-10.076476,100,1122.983814
-29.97068,100,1125.475977
-17.974557,100,1127.936293
-19.343014,100,1130.45508
-18.11254,100,1132.973592
-10.203208,100,1135.49508
-20.638007,100,1138.102423
-19.307332,100,1140.582737
-8.545061,100,1143.066775
-15.925869,100,1145.573263
-11.367203,100,1148.051933
-19.310182,100,1150.535739
-21.704886,100,1153.022465
-14.839318,100,1155.526552
-16.614705,100,1158.040448
-20.423011,100,1160.497066
-9.438863,100,1162.976845
-17.950555,100,1165.463674
-9.740446,100,1167.986176
-20.242451,100,1170.476736
-10.233108,100,1172.953127
-9.402475,100,1175.488987
-20.740821,100,1178.014317
-11.51034,100,1180.5177
-20.629701,100,1183.043449
-18.322023,100,1185.54103
-20.145921,100,1188.048538
-17.86577,100,1190.563642
-14.751982,100,1193.089265
992.997973,100,1195.607535
993.02378,100,1198.13042
-11.55769,100,1200.644467
-17.69795,100,1203.199163
-14.59471,100,1205.74102
-20.551178,100,1208.337717
-16.836983,100,1210.84697
-20.529408,100,1213.375988
-21.861616,100,1215.922616
-11.647241,100,1218.427172
-10.102257,100,1220.974951
-18.22616,100,1223.496539
393.348704,100,1226.033718
132.94964,100,1228.53543
-16.660065,100,1231.075376
798.542804,100,1233.640957
-20.548139,100,1236.185231
-19.248669,100,1238.723329
-14.495025,100,1241.231499
-23.945722,100,1243.784523
-11.500388,100,1246.340548
-18.589187,100,1248.940248
-23.555172,100,1251.444284
-18.085519,100,1253.974792
-11.20054,100,1256.552133
-16.628098,100,1259.111425
-18.112921,100,1261.629404
-9.812988,100,1264.195505
-30.468089,100,1266.823558
-10.184703,100,1269.353017
-18.583724,100,1271.898179
-24.462334,100,1274.443574
-8.712605,100,1277.031075
-22.083828,100,1279.562736
-9.492363,100,1282.14992
-12.165609,100,1284.680856
-12.235592,100,1287.254081
-31.739229,100,1289.83316
-18.624875,100,1292.412727
-15.518031,100,1294.983551
818.618647,100,1297.541201
598.583146,100,1300.11868
-31.503793,100,1302.685995
-31.218705,100,1305.269314
-16.993668,100,1307.819639
443.576056,100,1310.614066
778.665022,100,1313.242114
-30.518023,100,1315.876316
-21.831318,100,1318.48152
-17.562766,100,1321.044513
-9.473711,100,1323.655457
-12.144481,100,1326.272928
-11.346906,100,1328.870388
-14.780225,100,1331.467511
-11.507775,100,1334.044879
768.718644,100,1336.650052
-18.859674,100,1339.264345
-21.152786,100,1341.849591
-18.560033,100,1344.450258
-21.453706,100,1347.002284
-19.255159,100,1349.628245
-16.699636,100,1352.222178
-15.811538,100,1354.824477
-20.568257,100,1357.418319
-18.708432,100,1360.050459
33.018188,100,1362.690289
-14.607862,100,1365.287111
203.073486,100,1367.865228
993.10759,100,1370.59995
-11.227216,100,1373.176836
-11.453031,100,1375.784912
-17.154016,100,1378.381272
-15.960006,100,1381.009202
-8.540923,100,1383.63232
-20.736213,100,1386.240415
-8.530814,100,1388.84838
-21.428614,100,1391.487954
-8.561104,100,1664.62122
-18.450733,100,1666.680136
463.470043,100,1668.668719
-9.546996,100,1670.676039
-15.888813,100,1672.671918
-19.152622,100,1674.984766
-15.866753,100,1677.007533
-17.525823,100,1679.538969
-11.456534,100,1682.850778
-11.424523,100,1686.092179
-17.5123,100,1688.738681
-16.800945,100,1691.370194
993.010355,100,1694.076708
993.082957,100,1696.918337
-11.306921,100,1699.861199
-8.696863,100,1702.589126
-11.318897,100,1705.434381
-12.492934,100,1708.343976
608.674793,100,1711.08977
-30.424441,100,1713.862369
-9.841222,100,1716.439781
-9.702993,100,1719.115517
-17.846066,100,1721.690125
-17.914441,100,1724.538535
-16.987961,100,1727.348426
-19.158341,100,1729.991329
-21.201926,100,1732.590934
-11.361556,100,1735.238799
-30.178851,100,1737.845687
233.009323,100,1740.471343
-12.171676,100,1743.071758
-20.81678,100,1745.700165
-9.52088,100,1748.352751
-14.494923,100,1750.959614
-20.526077,100,1753.625508
-8.678443,100,1756.298149
-30.247949,100,1758.975982
-8.739553,100,1761.595968
-30.133604,100,1764.222521
-9.94745,100,1766.83994
-30.080373,100,1769.464822
-20.695976,100,1772.08799
-9.607834,100,1774.685743
-9.464483,100,1777.365421
353.307922,100,1779.969023
-9.407565,100,1782.64344
-12.146148,100,1785.298935
-24.128408,100,1787.954525
-11.151899,100,1790.694191
-19.277235,100,1793.323379
-24.504332,100,1795.972075
-18.061484,100,1798.648868
-19.229247,100,1801.270771
-20.584963,100,1803.899199
648.501186,100,1806.555465
-14.890339,100,1809.265255
-19.419655,100,1811.893915
-18.706807,100,1814.595879
-17.468249,100,1817.25544
-21.131038,100,1819.922398
-18.681208,100,1822.603937
-24.225068,100,1825.226621
-30.092842,100,1827.888973
-30.014196,100,1830.560251
-18.886935,100,1833.170459
-16.593443,100,1835.854688
-19.331776,100,1838.503228
-16.600019,100,1841.150851
-24.021878,100,1843.815452
-11.169733,100,1846.453354
-11.456729,100,1849.130799
-21.380292,100,1851.826406
-11.419591,100,1854.46346
-18.931272,100,1857.211672
-16.767382,100,1859.879132
-20.974349,100,1862.5737
-24.229267,100,1865.208949
-30.497709,100,1867.888548
403.429098,100,1870.569737
-19.285642,100,1873.258797
-16.226991,100,1875.955539
-24.480961,100,1878.655139
-30.846728,100,1881.325751
-9.897067,100,1884.037208
748.779792,100,1886.680169
-18.801283,100,1889.328734
992.929982,100,1892.026702
-19.297935,100,1894.766937
-19.410016,100,1897.437196
-8.837879,100,1900.124285
-15.009783,100,1902.89223
-19.248624,100,1905.647108
-10.230008,100,1908.339065
-17.793764,100,1911.077921
-10.248272,100,1913.758756
-9.454203,100,1916.477656
-19.317292,100,1919.184023
-24.443337,100,1921.89006
-14.554077,100,1924.637797
-22.284449,100,1927.40409
-21.235887,100,1930.137776
638.58515,100,1932.859634
-11.138596,100,1935.592727
-8.883,100,1938.394733
-19.218206,100,1941.137869
-20.867718,100,1943.889174
818.580861,100,1946.61912
-14.510864,100,1949.374614
-14.286924,100,1952.124105
-9.282862,100,1955.185349
-18.007951,100,1957.959393
-30.968486,100,1960.753213
-10.323491,100,1963.553597
-21.259519,100,1966.359549
-8.401199,100,1969.155792
-19.415477,100,1971.894014
403.349159,100,1974.653208
-19.686201,100,1977.449006
-20.99952,100,1980.211216
-11.098973,100,1982.992137
-30.822805,100,1985.756334
-8.731566,100,1988.909595
-18.162206,100,1991.852883
-20.755608,100,1995.38225
243.062351,100,1998.402514
788.51753,100,2001.345637
-7.323289,100,2004.527325
-21.482242,100,2007.463607
363.241942,100,2011.146697
-16.433471,100,2014.477487
-21.406516,100,2017.829368
748.773522,100,2021.264563
-17.973596,100,2024.840739
-12.051222,100,2028.145677
-18.666699,100,2031.165177
30.712844,100,2034.289678
-21.217395,100,2037.387076
-8.583761,100,2040.286376
413.4535,100,2043.146187
-17.993099,100,2046.19574
-19.694834,100,2049.074736
-18.031275,100,2051.936033
-30.683498,100,2054.792429
-21.345503,100,2057.881751
-10.277265,100,2060.781253
-10.897204,100,2063.67982
-14.256279,100,2066.547044
-30.589855,100,2069.627707
-20.902319,100,2072.519014
483.572141,100,2075.446225
-23.924667,100,2078.37238
-16.466189,100,2081.46036
-11.109396,100,2084.363073
-9.227058,100,2087.432628
-24.122322,100,2090.423728
-21.125061,100,2093.550628
-14.444981,100,2096.481788
-11.157345,100,2099.400258
-12.180328,100,2102.353922
-21.450816,100,2105.491937
-16.702358,100,2108.655021
-15.658277,100,2111.683751
738.698081,100,2114.695939
-11.142236,100,2117.994831
-16.727779,100,2121.023708
993.091566,100,2124.045703
788.461223,100,2127.048109
-17.928991,100,2130.275543
-8.598465,100,2133.284153
-16.690276,100,2136.433753
-21.654933,100,2139.449286
-19.286901,100,2142.704042
-24.111314,100,2145.722942
-16.929583,100,2148.764415
-21.282989,100,2151.773798
-9.25731,100,2154.983857
-24.336326,100,2157.989573
393.370852,100,2160.980956
-16.817384,100,2164.002774
-16.061916,100,2167.213778
-21.098089,100,2170.252988
-14.516167,100,2173.273185
993.162623,100,2176.263866
-19.198219,100,2179.516933
-24.082517,100,2182.523808
-20.95896,100,2185.524464
-21.319661,100,2188.52995
-17.893836,100,2191.713731
-24.056243,100,2194.736547
-14.68578,100,2197.733763
-21.276418,100,2200.737693
-21.627554,100,2203.945468
-17.884367,100,2206.954382
-19.291715,100,2210.393754
-19.046448,100,2213.644559
-299.334315,100,2217.072585
-11.148977,100,2220.072649
-16.626655,100,2223.093788
-9.197089,100,2226.105424
-8.74822,100,2229.318492
383.132218,100,2232.331337
-30.875666,100,2235.393416
-11.241751,100,2238.441443
-20.972298,100,2241.681659
-21.737903,100,2244.732668
-21.565249,100,2247.928276
638.775291,100,2250.946817
42.889914,100,2254.181414
-30.775305,100,2257.171188
-15.56709,100,2260.203264
-9.533126,100,2263.276866
-9.140378,100,2266.542279
-16.439717,100,2269.603456
-16.723005,100,2272.653817
-18.229808,100,2275.683256
-16.857466,100,2279.092523
-21.199276,100,2282.220224
-11.695257,100,2285.233232
-10.507584,100,2288.276149
-24.305378,100,2291.572634
-19.445233,100,2294.607476
-14.799679,100,2297.643335
-19.16092,100,2300.692559
-17.899764,100,2303.885214
-14.425052,100,2306.924688
-9.206684,100,2309.912343
-12.200859,100,2312.907972
993.133238,100,2316.10232
-17.671917,100,2319.123234
-11.349929,100,2322.175398
-31.062517,100,2325.183412
-21.344952,100,2328.3633
-24.181691,100,2331.794221
-23.944275,100,2335.128187
-9.578486,100,2338.555943
-30.85664,100,2342.190961
553.609653,100,2345.283417
-19.320647,100,2348.593144
-11.172401,100,2352.275208
-16.448377,100,2355.735555
-9.550731,100,2359.143409
628.546279,100,2363.120725
-14.301208,100,2366.518078
-19.15851,100,2369.85708
-12.2195,100,2373.187826
-16.080162,100,2376.618079
-12.335398,100,2380.049524
-14.845567,100,2383.450149
283.160996,100,2386.847222
-21.297507,100,2390.447098
303.180893,100,2393.696035
993.215414,100,2397.017139
-11.227012,100,2400.323859
-11.02033,100,2403.63506
993.045782,100,2406.927963
-16.494268,100,2410.179829
-21.526312,100,2413.438707
778.664795,100,2416.740817
-18.865506,100,2420.067258
-9.097736,100,2423.4018
-11.353668,100,2426.724797
-11.240626,100,2429.982798
-19.250731,100,2433.282819
-8.67187,100,2436.628659
-14.503768,100,2439.877964
-21.277426,100,2443.131814
-12.439228,100,2446.405791
-24.486087,100,2449.70874
-21.256332,100,2452.948953
-8.574647,100,2456.16192
-12.44856,100,2459.42283
-19.211184,100,2462.760735
758.758488,100,2465.981742
-16.449203,100,2469.308023
-17.805495,100,2472.854677
-20.125635,100,2476.24264
-12.174505,100,2479.787605
-8.583959,100,2483.174801
-24.330805,100,2486.619671
-20.993768,100,2490.145699
993.204044,100,2493.676204
738.61798,100,2497.429579
-24.451956,100,2501.432386
-21.317925,100,2505.14378
-19.251297,100,2508.826421
-12.224222,100,2512.240362
-19.257828,100,2515.616687
-9.332987,100,2518.983606
-19.310816,100,2522.329622
-21.234138,100,2525.711893
-11.159156,100,2528.990584
-14.590977,100,2532.314649
-11.541661,100,2535.745491
-11.218135,100,2539.081349
-24.233599,100,2542.457512
-8.559758,100,2545.794662
-10.132333,100,2549.14167
-11.111386,100,2552.466422
-11.179746,100,2555.933882
-8.554131,100,2559.212524
-8.650617,100,2562.75637
-10.204062,100,2566.127694
-11.178572,100,2569.449661
-21.103576,100,2572.804654
993.126715,100,2576.121523
-18.539437,100,2579.55449
-21.142493,100,2583.5912
-14.85529,100,2587.160171
-16.585041,100,2591.337479
-11.448793,100,2597.228093
-19.264261,100,2600.893576
-11.109782,100,2605.049376
-16.973185,100,2608.53129
-19.093342,100,2611.922219
-17.720133,100,2615.38016
323.133589,100,2618.820156
993.076054,100,2622.080458
-19.280923,100,2625.437142
-20.783952,100,2628.712164
688.48038,100,2631.943813
-21.588673,100,2635.112229
-17.758392,100,2638.568156
-12.224962,100,2642.258018
-19.122509,100,2645.774184
-16.5411,100,2648.942407
-21.253151,100,2652.095489
-15.911864,100,2655.340445
-20.800462,100,2659.046374
-16.859986,100,2662.461934
-18.850198,100,2665.902122
-9.382037,100,2669.250005
-21.445867,100,2672.363201
-30.58725,100,2675.50221
-20.950898,100,2678.641081
403.25239,100,2681.782509
-19.355713,100,2685.030202
-19.259046,100,2688.265136
-16.597922,100,2691.662286
-12.655722,100,2694.804904
-17.721908,100,2698.072319
-30.72045,100,2701.310959
-8.604699,100,2704.717255
708.481584,100,2708.257601
-10.320236,100,2711.60193
-19.53689,100,2714.979809
-8.599703,100,2718.34211
-16.374059,100,2721.80502
-19.575785,100,2725.063847
-20.99202,100,2728.579519
-10.203429,100,2732.310903
-21.546082,100,2735.456159
453.364556,100,2738.610933
-17.936414,100,2741.722961
-19.452729,100,2744.861102
-12.141048,100,2748.031871
-24.025813,100,2751.373717
-21.599843,100,2754.552969
-21.58558,100,2757.768816
-18.637013,100,2760.954688
-18.927522,100,2764.108553
-19.297962,100,2767.202042
628.71126,100,2770.317426
-20.856409,100,2773.379691
-9.73658,100,2776.521954
-19.177454,100,2779.783813
-11.533853,100,2783.433723
-11.569588,100,2787.159701
-30.951246,100,2791.612246
-21.847047,100,2795.432629
-30.843585,100,2798.8183
-9.267631,100,2802.197808
-17.949525,100,2805.450629
-15.023857,100,2808.77081
-16.789198,100,2812.122846
-21.727314,100,2815.46714
808.516948,100,2818.932908
688.442519,100,2822.245091
-11.493121,100,2825.498628
-16.735844,100,2828.821635
-30.752132,100,2832.155613
-18.680213,100,2835.51551
-21.757489,100,2838.841732
-9.560357,100,2842.196445
483.305837,100,2845.450747
-9.207013,100,2848.742939
-11.306549,100,2852.141571
-18.871974,100,2855.459836
-11.57743,100,2858.832804
-24.248734,100,2862.164342
-9.508801,100,2865.461582
323.18823,100,2868.830913
-11.297055,100,2872.262384
-11.59183,100,2875.608811
993.031588,100,2878.944473
-8.686689,100,2882.212134
-9.581481,100,2885.527491
993.069593,100,2888.840402
-11.539489,100,2892.093554
-21.415108,100,2895.542687
-19.473738,100,2899.010104
-19.528559,100,2902.475594
-16.424456,100,2905.793441
-17.783817,100,2909.112476
-19.356732,100,2912.520601
-21.096752,100,2915.850602
993.147963,100,2919.20168
-24.15332,100,2922.437381
-21.376293,100,2925.704397
-19.62051,100,2928.987328
-18.082538,100,2932.314252
-16.447375,100,2935.610105
-19.013804,100,2938.979964
-21.556652,100,2942.365756
-11.989565,100,2945.736478
-24.229109,100,2949.030816
-12.406137,100,2952.396219
-14.463905,100,2955.73861
-19.484005,100,2959.045249
718.505328,100,2962.344405
-30.492103,100,2965.623254
-9.410338,100,2968.986158
-19.426053,100,2972.265256
758.508163,100,2975.574267
-12.150065,100,2978.878365
413.274649,100,2982.228106
993.09788,100,2985.565321
-11.307252,100,2988.867124
768.692541,100,2992.373134
-21.279923,100,2995.714341
-9.311923,100,2999.047071
-16.594632,100,3002.393227
-19.532127,100,3005.645931
-9.434466,100,3008.970209
-16.721541,100,3012.346005
-16.776173,100,3015.604175
-19.496747,100,3018.958025
-9.516371,100,3022.234203
-14.806809,100,3025.544911
-19.178874,100,3028.864364
-11.42727,100,3032.155978
-21.354239,100,3035.417279
-23.93116,100,3038.7949
-11.416013,100,3042.130096
-19.280602,100,3045.472174
-16.632907,100,3048.737942
-11.252627,100,3052.079093
993.012872,100,3055.436012
-21.432192,100,3058.771168
798.703601,100,3062.128813
413.248736,100,3065.443771
-18.786509,100,3068.772857
-21.131171,100,3072.063349
-18.49845,100,3075.314608
608.569061,100,3078.586846
-19.491114,100,3081.992917
-11.604742,100,3082.334886
-11.874115,100,3086.299108
-9.714649,100,3089.970428
-9.860559,100,3093.325101
-19.158551,100,3096.607599
448.251402,100,3099.896997
232.97016,100,3103.202683
-14.512524,100,3106.455206
-20.707386,100,3109.681694
-10.004921,100,3113.31862
-24.335687,100,3116.639756
993.04877,100,3120.091838
-20.6618,100,3123.43624
-19.161391,100,3126.78775
-31.050717,100,3130.094802
992.952256,100,3133.365909
-9.351982,100,3136.762316
-16.736757,100,3140.07074
-21.892851,100,3143.33015
-9.781964,100,3146.627563
-9.361429,100,3149.975595
-24.363207,100,3153.461752
608.717121,100,3156.823456
-9.556192,100,3160.122627
993.074004,100,3163.463538
453.385036,100,3166.767728
993.1206,100,3170.113469
688.839689,100,3174.610787
992.840716,100,3178.26456
-21.550911,100,3181.553659
-24.106952,100,3184.670635
-19.353188,100,3187.758435
-19.399362,100,3191.187513
-9.814923,100,3194.628891
-18.130422,100,3198.353707
-9.090598,100,3202.046987
-19.328655,100,3205.325409
-23.998061,100,3209.039455
-20.952031,100,3212.384494
-9.53057,100,3215.900281
-12.189725,100,3219.201027
778.537472,100,3222.587447
-21.325233,100,3225.972888
993.142841,100,3229.1483
-19.347057,100,3232.525689
-16.865686,100,3235.859565
-24.720197,100,3239.116206
-9.429259,100,3242.677875
-12.336979,100,3245.876263
-11.445108,100,3249.321302
-9.574073,100,3254.276284
-12.374401,100,3257.902319
-12.177919,100,3261.197419
-9.091998,100,3264.493094
-18.318336,100,3268.13638
-19.833578,100,3271.287834
-9.094279,100,3274.898835
-20.926449,100,3278.274347
648.798245,100,3281.557354
-19.313296,100,3284.986315
-22.030191,100,3288.326795
-11.443938,100,3291.728302
-9.56992,100,3295.088013
-11.593797,100,3298.419904
808.795814,100,3301.753409
-24.640308,100,3305.103498
-21.518067,100,3308.370135
-21.497801,100,3311.662326
-17.7435,100,3314.918293
-11.118166,100,3318.264426
-19.307967,100,3321.501359
-30.703753,100,3324.848027
-9.755812,100,3328.174229
-12.015773,100,3331.45725
-19.364614,100,3334.838833
-11.390597,100,3338.073976
-10.261523,100,3341.457007
-17.042235,100,3344.726007
-8.942903,100,3348.032033
-30.873109,100,3351.298609
-16.956149,100,3354.624783
283.043825,100,3357.980005
-9.005221,100,3361.276899
-18.958139,100,3364.602115
993.072554,100,3367.907244
-11.127607,100,3371.219717
588.646901,100,3374.531029
-9.335334,100,3377.820788
-10.977071,100,3381.125946
-11.062747,100,3384.505909
513.447966,100,3387.805202
-11.496819,100,3391.110984
-10.061821,100,3394.431957
-18.421859,100,3397.890849
-8.861873,100,3401.132338
608.627094,100,3404.396687
-23.999345,100,3407.643384
-16.59001,100,3410.958136
-12.118084,100,3414.259035
-17.092917,100,3417.542017
-8.859996,100,3420.871145
-11.455227,100,3424.258354
-30.894335,100,3427.539112
-21.434531,100,3430.853794
-8.861965,100,3434.360795
463.449543,100,3437.617147
-9.430516,100,3440.991029
-12.05168,100,3444.343359
-10.937595,100,3447.661
-21.351316,100,3450.928851
-18.083941,100,3454.20058
-23.958762,100,3457.500227
788.759993,100,3460.896668
-20.877468,100,3464.275979
678.601517,100,3467.505631
-19.81316,100,3470.954559
-15.337434,100,3474.356723
-9.087604,100,3477.663767
-9.82823,100,3481.054692
-19.03352,100,3484.407604
-18.405326,100,3487.786692
-21.050696,100,3491.129966
-10.146308,100,3494.417636
-19.709025,100,3497.732247
-21.802383,100,3500.984405
788.694892,100,3504.352491
-14.632634,100,3507.609874
-16.533308,100,3510.946516
-21.305418,100,3514.299834
-19.895624,100,3517.531134
-8.918409,100,3520.843865
-9.304171,100,3524.140559
-19.187796,100,3527.561225
-12.043705,100,3530.831639
-21.423939,100,3534.153796
483.347093,100,3537.474321
-11.210634,100,3541.182383
-19.248288,100,3544.744601
-16.673161,100,3548.374224
-12.188828,100,3552.134421
-11.709564,100,3555.456072
-20.882055,100,3558.921694
-16.843574,100,3562.269607
-20.634218,100,3565.583627
993.102012,100,3568.966442
993.008129,100,3572.281517
-24.470381,100,3575.574852
-19.695953,100,3578.862389
-18.501039,100,3582.189402
-16.640808,100,3585.62247
-14.403643,100,3589.019874
-31.035232,100,3592.287441
-16.789685,100,3595.607364
-16.433127,100,3598.888595
-12.180029,100,3602.25772
993.070152,100,3605.513209
-31.03736,100,3608.775632
-18.709741,100,3612.141832
718.861632,100,3615.458524
-8.768859,100,3618.774444
-20.516177,100,3622.092822
-18.233524,100,3625.491765
-16.512418,100,3628.771154
-10.197182,100,3632.023319
-11.322171,100,3635.392495
-12.167715,100,3638.854447
-20.957605,100,3642.968998
363.11315,100,3646.346345
483.558754,100,3649.52658
-18.213359,100,3652.965664
-14.776497,100,3656.168995
-16.205181,100,3659.311293
-9.353636,100,3662.904632
-21.221692,100,3666.343254
-21.749711,100,3669.534178
-30.481399,100,3672.568549
-20.79084,100,3675.814099
-19.497277,100,3678.841782
-31.282399,100,3681.929242
992.930896,100,3685.548264
-21.579222,100,3689.075448
-19.271879,100,3692.353253
-21.031972,100,3695.669147
-24.402986,100,3698.961957
-30.610944,100,3702.074888
-19.269735,100,3705.095113
-11.588391,100,3708.130108
-30.559652,100,3711.164944
992.866514,100,3714.236273
-16.656153,100,3717.250153
-18.996574,100,3720.297346
-14.625032,100,3723.352171
453.393231,100,3726.408473
798.645187,100,3729.455101
-11.146312,100,3732.498384
-20.990975,100,3735.543992
-9.146891,100,3738.565407
-24.407151,100,3741.589535
-30.667429,100,3744.616
-30.384494,100,3747.609622
-16.790986,100,3750.668859
-24.383531,100,3753.938035
453.486186,100,3757.292715
-20.742375,100,3761.065124
-20.689379,100,3764.898755
-11.394465,100,3768.373678
-19.379212,100,3771.717813
-12.282359,100,3775.05271
-30.83273,100,3778.384912
-12.280378,100,3781.832
768.555753,100,3785.149443
-21.129467,100,3788.417917
-16.508323,100,3791.802601
-21.529696,100,3795.161775
618.603924,100,3798.469895
-19.404207,100,3801.752242
-20.744223,100,3805.112758
-16.846129,100,3808.422729
-17.793827,100,3811.683963
-19.666654,100,3815.03267
-19.407764,100,3818.343642
-11.045247,100,3821.664883
-20.979968,100,3825.000481
-18.832315,100,3828.369923
-18.009086,100,3831.607601
-11.284118,100,3834.921507
-21.00901,100,3838.270724
-10.088616,100,3841.630915
-18.582443,100,3845.012586
-16.716506,100,3848.33584
-9.387228,100,3851.665526
-14.594193,100,3855.055513
-18.766933,100,3858.396666
-16.707582,100,3861.657675
-19.477334,100,3864.981673
-11.374618,100,3868.288461
-18.290973,100,3871.558513
-11.466324,100,3874.901435
-19.672542,100,3878.275498
-21.814223,100,3881.61648
-9.293214,100,3884.961636
-9.402424,100,3888.246439
-14.528947,100,3891.557648
-21.009596,100,3895.072395
-18.207353,100,3898.414989
-16.292682,100,3901.770329
-30.362256,100,3905.094515
-18.010412,100,3908.427361
993.113673,100,3911.691404
-11.395981,100,3915.059653
-11.422269,100,3918.354429
-16.641481,100,3921.724216
-11.382557,100,3925.069763
-14.827344,100,3928.415524
-18.32814,100,3931.718557
-16.3042,100,3935.053201
-11.115937,100,3938.33996
-18.876762,100,3941.752325
-19.765156,100,3945.058416
-17.197283,100,3948.384314
993.050071,100,3951.631092
-19.461449,100,3955.001266
-30.378503,100,3958.288106
-21.215768,100,3961.592749
-19.503064,100,3965.036393
-30.024342,100,3968.333081
-30.833467,100,3971.57504
-21.142548,100,3974.872333
-19.823262,100,3978.199251
-19.485899,100,3981.48377
-20.866825,100,3984.856464
-19.386901,100,3988.165046
-9.264265,100,3991.523189
-30.766803,100,3994.827625
-20.484832,100,3998.160026
-16.690341,100,4001.482088
-15.032188,100,4004.761064
-19.807006,100,4008.210329
-21.600479,100,4011.867293
-19.37853,100,4015.258117
992.946854,100,4019.394251
-11.062007,100,4022.787121
-21.592562,100,4026.127158
-18.532941,100,4029.455682
-30.99298,100,4032.722869
-21.738357,100,4036.127869
-19.178042,100,4039.423202
788.799553,100,4042.739084
-19.60825,100,4046.060155
-18.193808,100,4049.374961
-19.52657,100,4052.622844
-10.014613,100,4055.935757
-11.195397,100,4059.297848
-11.469901,100,4062.61084
-18.552563,100,4065.938359
-11.35819,100,4069.347817
-19.318052,100,4072.695818
-11.417723,100,4076.088485
-19.403373,100,4079.407732
-14.899287,100,4082.899399
-19.548489,100,4086.359094
-15.97773,100,4089.730075
-18.284656,100,4093.029766
-21.994574,100,4096.387954
-8.809579,100,4099.734876
-20.84163,100,4103.293961
-9.160212,100,4106.597923
-9.356136,100,4110.004823
-18.386014,100,4113.330017
-18.218058,100,4116.702658
-19.477804,100,4120.059812
-24.667942,100,4123.440786
-10.382656,100,4126.810945
993.010267,100,4130.266628
-18.065293,100,4133.698783
-21.579603,100,4137.107923
-20.586674,100,4140.839341
-21.722536,100,4144.06396
-24.154253,100,4147.563636
-8.845113,100,4150.997564
-21.090822,100,4154.096664
-11.233191,100,4157.196629
-19.39769,100,4160.302559
-9.260162,100,4163.547666
-8.809262,100,4167.348913
-16.755263,100,4170.737878
-10.134914,100,4174.222472
-17.738262,100,4177.317655
-14.765741,100,4180.744537
-21.038716,100,4183.942769
-8.617938,100,4187.015497
-9.409296,100,4190.084768
-11.377671,100,4193.354066
-17.138,100,4196.452679
738.536354,100,4199.539266
-19.362358,100,4202.595455
-21.232463,100,4205.867583
-16.365393,100,4208.980773
333.069281,100,4212.049431
738.53435,100,4215.165693
313.135447,100,4218.406747
-11.390506,100,4221.496441
-18.680152,100,4224.578749
-19.075833,100,4227.722654
992.907375,100,4231.003222
-12.341016,100,4234.046693
-20.432981,100,4237.113687
-11.145403,100,4240.195218
-21.346896,100,4243.408907
768.786969,100,4246.585453
-17.996445,100,4250.200499
-12.332436,100,4253.816385
-8.655758,100,4257.232689
-8.745178,100,4260.671484
-17.756261,100,4264.047289
-15.022085,100,4267.409936
-16.417246,100,4270.867232
-9.890997,100,4274.209509
-11.471093,100,4277.564063
-16.59992,100,4280.931297
-18.359453,100,4284.444218
993.063866,100,4287.767415
-19.434275,100,4291.17747
-17.958878,100,4294.564068
-17.963712,100,4297.930967
-10.206856,100,4301.274278
738.760688,100,4304.648638
-21.62347,100,4308.101283
353.240035,100,4311.633691
993.065054,100,4314.916226
-18.752789,100,4318.386437
-19.347199,100,4321.721251
-19.447091,100,4325.076945
708.710304,100,4328.480162
788.623498,100,4331.794356
-21.195978,100,4335.216136
-16.953131,100,4338.611253
-24.156669,100,4341.984702
-11.201208,100,4345.348993
-11.138489,100,4348.719124
-19.276034,100,4352.077188
748.810833,100,4355.387676
-12.418736,100,4358.88312
-11.16258,100,4362.279874
-9.082424,100,4365.624242
-17.956029,100,4369.041978
-18.948517,100,4372.421035
-19.191643,100,4375.746441
-19.307824,100,4379.111043
-21.109793,100,4382.55243
-16.777756,100,4385.894197
-18.574271,100,4389.31623
-14.825104,100,4393.065229
133.131638,100,4396.549328
-16.330358,100,4400.524085
-18.014729,100,4403.618878
-20.716259,100,4407.137779
-21.167931,100,4410.277966
-18.966993,100,4413.373117
-14.559024,100,4416.974489
798.64775,100,4420.49308
-21.573157,100,4424.255308
-11.265173,100,4427.541843
413.334238,100,4430.752858
-18.718981,100,4433.97903
-11.353984,100,4437.081946
-18.912504,100,4440.219778
-16.687983,100,4443.480959
993.061843,100,4446.943898
-12.321231,100,4450.37762
-8.653666,100,4453.696494
-21.28083,100,4457.137561
-24.407963,100,4460.528776
-9.291978,100,4463.851104
-16.359345,100,4467.223948
-24.476736,100,4470.993514
-11.253593,100,4474.45549
-14.751179,100,4477.816725
-21.116487,100,4481.243629
573.451739,100,4484.599648
-9.859293,100,4487.936821
718.553729,100,4491.289179
-14.863397,100,4494.685845
-9.062035,100,4498.119209
-14.749714,100,4501.518615
-30.433273,100,4505.022796
-9.946575,100,4508.344159
-18.771237,100,4511.696533
-24.747737,100,4515.059485
-18.831133,100,4518.493167
-30.682264,100,4521.824799
-8.82792,100,4525.695605
-9.380004,100,4529.127225
-21.035467,100,4532.556555
-20.912141,100,4535.938566
-21.363989,100,4539.347042
-20.91497,100,4542.715643
-24.142137,100,4546.06736
-18.753915,100,4549.521555
-14.583784,100,4552.849803
-21.156812,100,4556.710465
343.092955,100,4560.475624
-11.351438,100,4564.201761
-18.605228,100,4567.9145
668.602593,100,4571.68827
-19.006612,100,4575.402704
-18.517481,100,4579.10616
-21.208479,100,4582.530346
-10.076397,100,4585.871489
-20.647914,100,4589.244908
-11.078624,100,4592.835752
-19.290882,100,4596.195499
-20.747181,100,4599.652863
-17.711006,100,4602.983592
-16.823269,100,4606.465984
-24.437674,100,4610.537942
-16.672139,100,4614.004567
-30.325395,100,4617.398291
-30.424518,100,4620.760155
-11.111528,100,4624.167563
-9.237304,100,4627.562189
-21.04784,100,4631.017213
-9.12823,100,4634.462126
-14.316743,100,4637.841376
-12.124791,100,4641.206418
993.112024,100,4644.595384
-16.742039,100,4647.907139
-16.406049,100,4651.309251
638.627199,100,4654.661751
-21.470322,100,4658.03193
-11.1713,100,4661.417959
-17.8276,100,4664.832207
-9.143717,100,4668.228984
-8.921486,100,4671.605514
993.057856,100,4674.910447
-19.609762,100,4678.203983
-19.380463,100,4681.619204
-11.162513,100,4684.990193
-18.113386,100,4688.4991
-9.316841,100,4691.903961
-24.167114,100,4695.277066
453.274924,100,4698.74002
-11.264386,100,4702.189114
-16.412927,100,4705.564119
-9.230206,100,4708.848298
-10.034905,100,4712.249847
-19.433355,100,4715.636203
-14.474754,100,4718.976845
-19.454401,100,4722.457208
403.184589,100,4725.942069
-16.385569,100,4729.37586
-17.803944,100,4732.743937
-10.002903,100,4736.089139
818.649512,100,4739.436039
-9.341604,100,4742.850797
-16.393922,100,4746.24025
-21.15296,100,4749.595797
-16.325575,100,4752.976898
363.170815,100,4756.435407
-20.760284,100,4759.84996
-21.144423,100,4763.231925
-9.17356,100,4766.61482
-8.872708,100,4770.018874
-12.328839,100,4773.481541
-19.536129,100,4776.851459
993.087498,100,4780.162057
-18.763121,100,4783.522677
-14.49075,100,4786.912711
-19.178844,100,4790.280889
353.104706,100,4793.73919
573.560057,100,4797.401861
-30.826659,100,4800.874604
-8.608548,100,4804.587022
688.77145,100,4807.9508
993.004859,100,4811.201988
-18.058298,100,4814.583989
-30.639586,100,4817.873719
-19.185871,100,4821.091494
678.607248,100,4824.58086
-14.543436,100,4827.959651
-18.221148,100,4831.361667
-8.697288,100,4834.747056
-16.207397,100,4838.191495
-19.47747,100,4841.587548
-14.553772,100,4844.908767
993.152674,100,4848.297203
-11.537536,100,4851.710513
-16.330635,100,4855.113625
-19.540377,100,4858.490537
493.423476,100,4861.950789
-16.783461,100,4865.401785
-18.977564,100,4868.718318
-20.696359,100,4872.124447
-12.204332,100,4875.511482
-9.022594,100,4878.892472
678.539958,100,4882.327405
-20.813893,100,4885.706735
-9.770326,100,4889.07518
658.671489,100,4892.479563
678.553641,100,4895.840564
-9.145801,100,4899.281607
-20.570911,100,4902.565497
993.032659,100,4905.977429
-17.749013,100,4909.397595
-18.017895,100,4912.892529
-9.716865,100,4916.314507
-21.306416,100,4919.746434
993.102183,100,4923.165466
-24.691914,100,4926.557325
-16.322414,100,4929.901418
-16.151973,100,4933.334918
463.320335,100,4936.72748
-9.316375,100,4940.080597
-8.644279,100,4943.51059
-14.379518,100,4946.891347
-14.634719,100,4950.236218
-12.174506,100,4953.697369
-16.410351,100,4957.055622
-30.417844,100,4960.452136
-30.755984,100,4963.805499
-18.617193,100,4967.328441
-21.691891,100,4970.7133
-9.207972,100,4974.065217
-18.048425,100,4977.428818
808.553488,100,4980.772687
-19.666434,100,4984.121806
-9.912463,100,4987.531042
413.370436,100,4991.239141
-20.499577,100,4994.696529
-20.879472,100,4998.093333
-21.748403,100,5001.484913
-9.044235,100,5005.281117
-19.346409,100,5008.747304
403.308867,100,5012.319267
-30.643609,100,5015.459286
-24.312873,100,5018.879557
-19.345332,100,5022.145128
-16.160288,100,5025.24021
-9.810576,100,5028.543325
-11.124842,100,5032.431371
-12.207518,100,5035.925783
993.153873,100,5039.187086
-9.316165,100,5042.529054
718.49269,100,5045.78249
-20.767658,100,5049.271268
-8.457851,100,5052.469921
-19.220235,100,5056.127271
-19.412663,100,5059.513961
-16.076866,100,5062.852842
993.207323,100,5066.262072
-20.8118,100,5069.472354
-14.723903,100,5072.685033
-11.083335,100,5075.992784
-8.455814,100,5079.304921
-8.370738,100,5082.877726
993.178721,100,5086.142452
-9.264347,100,5089.237362
-30.182862,100,5092.263593
-9.238765,100,5095.319444
-9.078249,100,5098.675962
-17.635757,100,5102.042805
808.563915,100,5105.349066
-11.229944,100,5108.517484
-21.253198,100,5111.794503
-9.711805,100,5115.198831
-11.061421,100,5118.454407
-11.360615,100,5121.555325
-19.198624,100,5124.598287
-21.31701,100,5127.992727
-24.484714,100,5131.471785
993.060884,100,5134.897897
-19.532595,100,5138.260255
-20.857392,100,5141.708742
-19.184855,100,5144.984472
-12.304789,100,5148.170387
-9.804903,100,5151.393885
-12.176925,100,5154.99743
993.041252,100,5158.245684
-11.594517,100,5162.146863
-8.631037,100,5165.858103
-18.171587,100,5168.983009
-11.103828,100,5172.066698
-17.729808,100,5175.708056
-21.255134,100,5179.257727
-11.244673,100,5182.831863
-16.741624,100,5186.45565
-17.068138,100,5190.00455
-16.855125,100,5193.427788
-11.254887,100,5197.189364
-12.340458,100,5200.680585
788.710574,100,5204.217126
-18.669299,100,5207.590794
-15.942195,100,5210.727598
-20.96506,100,5214.450076
-9.333214,100,5217.712366
-11.22644,100,5220.866012
-18.457008,100,5224.689929
-18.783661,100,5227.909748
-11.132834,100,5231.273785
-9.843598,100,5235.307218
-18.250122,100,5238.805572
-12.229944,100,5241.910892
-21.233984,100,5244.881917
-16.939326,100,5247.887396
-11.323206,100,5251.082488
-30.468161,100,5254.194859
-21.499972,100,5257.370658
-16.263104,100,5260.620464
-16.907956,100,5263.897557
-20.606787,100,5267.578608
-18.813956,100,5271.110212
-30.641293,100,5274.273204
-9.726328,100,5277.873392
-8.266134,100,5281.123571
-30.489185,100,5284.635792
-8.344842,100,5288.072669
-12.337383,100,5291.666301
-12.417944,100,5294.93172
588.702698,100,5298.340273
-17.598329,100,5301.631465
-11.015716,100,5305.642418
-8.708694,100,5309.516219
-16.689114,100,5312.615788
-19.147429,100,5315.708918
-19.73692,100,5318.784159
648.745691,100,5322.821398
-9.275263,100,5327.471009
-21.55645,100,5331.068363
-20.012277,100,5334.180863
-8.434239,100,5337.228314
423.328493,100,5340.265009
648.729034,100,5343.314897
-24.46248,100,5346.333045
-19.31371,100,5349.362414
993.100458,100,5352.363968
-9.205407,100,5355.36056
-21.597439,100,5358.577667
-19.138609,100,5361.610569
-9.834127,100,5364.651659
-11.10049,100,5367.709946
-8.472722,100,5370.752955
-9.880992,100,5373.771339
-11.275665,100,5376.780668
-14.694193,100,5379.812858
-17.898922,100,5382.866704
-11.245217,100,5385.881081
-18.087385,100,5388.921238
668.676867,100,5391.943912
-14.785919,100,5395.13674
-9.857403,100,5398.241957
-9.843247,100,5401.24226
-11.252877,100,5404.256429
-24.138034,100,5407.279052
-9.629285,100,5410.31567
-9.620918,100,5413.345511
-14.546699,100,5416.354696
-24.229857,100,5419.397111
788.53786,100,5422.413986
-9.180001,100,5425.406576
-16.79652,100,5428.475569
-11.427932,100,5431.516611
-9.657071,100,5434.531153
778.468843,100,5437.5513
-20.818862,100,5440.586205
-14.762498,100,5443.62349
-21.562191,100,5446.652553
-11.330799,100,5449.679348
758.789418,100,5452.709974
-12.190851,100,5455.791672
-21.538435,100,5458.817276
-30.633792,100,5461.880948
992.893669,100,5464.936488
-8.914553,100,5467.955571
-16.632233,100,5471.009225
-14.557619,100,5474.04652
-19.109689,100,5477.059696
-15.055636,100,5480.101959
-11.407199,100,5483.137398
-19.612369,100,5486.180537
-11.242333,100,5489.230177
-9.50751,100,5492.247751
-16.37649,100,5495.330938
-16.110779,100,5498.337074
-11.125631,100,5501.356432
-16.387848,100,5504.410554
-21.575928,100,5507.45977
-9.509443,100,5510.472545
473.324465,100,5513.519092
-12.08246,100,5516.543279
-11.328957,100,5519.57304
-24.529982,100,5522.629099
-21.331036,100,5525.666637
-18.499784,100,5528.785235
-11.22902,100,5531.800622
-12.359336,100,5534.824048
-18.267429,100,5537.950465
-24.596358,100,5541.051108
992.754392,100,5544.120196
-21.321978,100,5547.172175
-14.621158,100,5550.197547
433.332274,100,5553.226951
-19.126766,100,5556.239917
-16.314277,100,5559.272209
-21.749794,100,5562.310055
-8.837048,100,5565.364681
-11.501396,100,5568.399184
-24.535008,100,5571.45717
-24.624283,100,5574.817609
-11.52753,100,5577.869438
-11.47118,100,5580.894896
758.719059,100,5583.919152
-18.817261,100,5586.964085
-8.652733,100,5590.014881
-15.069825,100,5593.028179
-12.194833,100,5596.378709
-9.710694,100,5600.247807
-12.03256,100,5603.870693
993.088829,100,5607.466096
-17.163442,100,5611.237716
-20.962198,100,5614.485575
-11.63061,100,5617.751844
-16.54625,100,5620.996248
-9.193484,100,5624.641937
-9.675313,100,5627.964312
-15.034046,100,5631.140524
993.098302,100,5634.329502
-17.097229,100,5637.402848
-12.144295,100,5640.809139
-24.417568,100,5644.309069
-9.237435,100,5647.791185
-9.408216,100,5650.963128
-21.494178,100,5654.045646
-18.375828,100,5657.162363
648.630796,100,5660.308683
-19.283693,100,5663.407344
-8.571385,100,5666.655457
-30.953509,100,5669.797289
-11.466883,100,5672.901233
-19.293364,100,5675.967369
-19.340113,100,5678.997181
-14.590503,100,5682.043299
-9.196499,100,5685.115183
993.141552,100,5688.141068
-24.692657,100,5691.217274
-12.281771,100,5694.282097
-8.741708,100,5697.33067
992.958551,100,5700.491381
-12.31881,100,5703.535233
-9.455939,100,5706.59037
778.749426,100,5709.618026
-21.170111,100,5712.660634
-21.419059,100,5715.757663
-8.698058,100,5718.951276
533.499842,100,5721.995241
-18.018522,100,5725.056137
-30.461822,100,5728.160336
698.507755,100,5731.263765
993.098281,100,5734.314284
-21.669785,100,5737.363857
-16.86382,100,5740.411527
-16.833924,100,5743.506835
-9.33967,100,5746.579672
-12.131532,100,5749.626227
-21.202093,100,5752.705099
-11.428792,100,5755.813966
-21.405781,100,5758.846987
293.148631,100,5761.888335
-18.830403,100,5764.942588
-16.018362,100,5768.018308
-21.248042,100,5771.104002
-16.440682,100,5774.144017
-16.133916,100,5777.239134
-12.130852,100,5780.326906
-19.010204,100,5783.511914
718.706037,100,5786.715899
-30.647708,100,5789.743855
-20.938191,100,5792.798767
-19.29857,100,5795.838345
-21.786968,100,5798.907465
993.113647,100,5801.948362
-16.510824,100,5805.045411
-18.707784,100,5808.185132
-16.777929,100,5811.447214
628.725984,100,5814.569418
993.126881,100,5817.657538
-24.479519,100,5820.718278
403.318236,100,5823.782542
-12.251987,100,5826.820104
993.047202,100,5829.90196
-18.107797,100,5832.934811
-19.575537,100,5835.990018
-24.400817,100,5839.024565
-17.947209,100,5842.074925
-19.225016,100,5845.096138
992.960633,100,5848.174498
-21.463781,100,5851.198423
-21.133911,100,5854.279193
-16.781984,100,5857.328439
768.533733,100,5860.398756
993.161366,100,5863.529615
-11.455935,100,5866.581024
-21.444014,100,5869.827562
-12.355765,100,5872.88486
-14.53846,100,5876.010143
-19.468559,100,5879.134819
-16.53725,100,5882.154486
-12.145372,100,5885.168649
-11.436529,100,5888.201268
-11.318302,100,5891.251137
-18.006818,100,5894.286963
-21.135083,100,5897.345253
-14.354213,100,5900.372764
-20.008673,100,5903.395861
-9.533789,100,5906.418206
-12.370414,100,5909.46262
-8.627395,100,5912.613079
-14.602698,100,5915.745872
-10.150989,100,5918.75449
-19.332254,100,5921.76752
-19.847883,100,5924.844865
293.131133,100,5927.867312
-21.357249,100,5930.927007
-17.513839,100,5933.927849
-30.747517,100,5936.946686
-19.121897,100,5939.983117
-9.397446,100,5943.002532
-10.231281,100,5946.004694
-21.313828,100,5949.039964
353.163994,100,5952.090438
503.405253,100,5955.124727
-30.896506,100,5958.165956
-21.174684,100,5961.183861
738.512776,100,5964.222566
-9.354224,100,5967.266217
-11.461886,100,5970.271236
-8.841319,100,5973.311419
-14.450759,100,5976.336534
-12.308034,100,5979.358182
-19.3677,100,5982.356846
-11.384542,100,5985.397497
-18.890232,100,5988.448503
-11.402053,100,5991.51564
-12.173746,100,5994.537366
-30.932245,100,5997.551622
-18.226183,100,6000.718423
-17.955892,100,6003.76539
-11.162151,100,6006.836728
-21.501922,100,6009.873999
-11.377192,100,6012.899349
-12.224544,100,6015.952411
373.291374,100,6018.978588
768.541142,100,6021.979815
-21.340462,100,6024.994946
-11.365692,100,6028.033554
-18.978468,100,6031.06269
333.124739,100,6034.075853
-19.235311,100,6037.181129
-30.932176,100,6040.210686
-9.51981,100,6043.235698
523.375027,100,6046.296673
-11.255165,100,6049.321718
-21.41734,100,6052.354288
-16.568087,100,6055.380167
-12.457141,100,6058.409611
-10.238714,100,6061.455998
-16.595202,100,6064.447996
-16.495868,100,6067.470906
-18.177411,100,6070.481056
-21.245733,100,6073.467688
-11.30451,100,6076.51009
-11.459666,100,6079.569339
-9.505714,100,6082.56619
-21.208239,100,6085.642424
-19.610945,100,6088.671973
-11.194629,100,6091.679305
-9.959913,100,6094.703674
718.426552,100,6097.724559
-17.783229,100,6100.739346
-8.804346,100,6103.763117
-21.161861,100,6106.791695
-17.653453,100,6109.836467
-24.831589,100,6112.866189
-17.162239,100,6115.882723
-8.855562,100,6118.884387
828.540647,100,6121.918347
-11.475668,100,6124.923698
-16.670219,100,6127.932186
-8.791023,100,6130.962328
-22.139967,100,6133.990419
-19.324132,100,6137.013773
-18.942127,100,6140.037622
-19.343595,100,6143.037423
992.98931,100,6146.079387
-11.476941,100,6149.11267
-21.347374,100,6152.129682
-21.371007,100,6155.13384
-19.485903,100,6158.171622
-11.556235,100,6161.230728
-16.640769,100,6164.263009
-21.42502,100,6167.298531
-11.460218,100,6170.344782
-9.757689,100,6173.372892
-19.170959,100,6176.436394
668.500426,100,6179.540895
-21.857083,100,6182.558576
-19.178808,100,6185.603309
-19.093822,100,6188.595699
-31.351534,100,6191.630129
-14.668619,100,6194.652428
-21.473583,100,6197.663555
828.518434,100,6200.755488
-8.757923,100,6203.770188
-11.399563,100,6206.782176
-11.467553,100,6209.874668
-19.558666,100,6213.198768
-11.4322,100,6216.26957
-24.56346,100,6219.328768
-9.475421,100,6222.372548
-21.902789,100,6225.392652
-18.017054,100,6228.413387
-9.248044,100,6231.466982
162.961133,100,6234.494666
443.342167,100,6237.528785
-16.625594,100,6240.570221
-16.302318,100,6243.635219
-19.210692,100,6246.631718
-16.72663,100,6249.632781
-21.750704,100,6252.651825
2.843627,100,6255.735942
-11.49938,100,6258.784847
-16.588191,100,6261.804167
-21.513315,100,6264.857029
-8.847024,100,6267.9745
-16.891289,100,6271.070615
-19.216822,100,6274.914958
708.610664,100,6278.473148
992.77707,100,6281.584966
668.444272,100,6284.666524
-30.579013,100,6287.663454
-14.77273,100,6290.701673
-30.82821,100,6293.72785
992.939458,100,6296.752829
-19.457735,100,6299.790782
708.710015,100,6302.840673
-9.521453,100,6305.855856
-11.436832,100,6308.932785
-8.829546,100,6311.916846
-19.131578,100,6314.95716
-21.354144,100,6317.973001
-9.475901,100,6321.002779
-19.257333,100,6324.046053
473.352124,100,6327.093561
-21.415319,100,6330.278502
-18.268232,100,6333.306704
-17.040162,100,6336.3523
-11.584017,100,6339.392592
-19.585599,100,6342.47144
-31.083168,100,6345.49578
-11.472252,100,6348.54528
-21.229879,100,6351.578127
-24.621275,100,6351.877047
-15.973016,100,6355.790715
-19.229267,100,6360.040804
513.425039,100,6363.179036
-15.950015,100,6366.183387
-21.012125,100,6369.213408
-21.829753,100,6372.261572
993.038435,100,6375.269813
-11.719638,100,6378.278349
-12.318982,100,6381.341503
-11.476949,100,6384.395756
0.646045,100,6387.380361
-14.753128,100,6390.663741
-16.794234,100,6393.957079
-24.39752,100,6397.008073
992.934437,100,6400.04434
-20.13559,100,6403.090478
-17.122196,100,6406.06179
-16.193437,100,6409.099597
-19.843556,100,6412.104643
-21.467894,100,6415.158568
-21.518423,100,6418.170537
993.206824,100,6421.185674
-19.435702,100,6424.190029
-24.279109,100,6427.22895
-16.609943,100,6430.256179
-11.323728,100,6433.248854
-21.734081,100,6436.265062
-21.345696,100,6439.297344
-21.604999,100,6442.33386
-31.265101,100,6445.420742
-11.990119,100,6448.412961
-18.943826,100,6451.445169
-24.268998,100,6454.430552
-11.393666,100,6457.46438
-16.546242,100,6460.489422
443.324941,100,6463.554123
-18.858523,100,6466.566122
483.325107,100,6469.597804
-21.329688,100,6472.643159
-19.288959,100,6475.664475
-21.47878,100,6478.74959
-10.060237,100,6481.793926
-18.564658,100,6484.79968
-19.409979,100,6487.849663
-8.620635,100,6490.85999
-19.387007,100,6493.852469
-21.30344,100,6496.899883
-11.519412,100,6499.967974
473.378733,100,6502.963871
-16.805518,100,6505.974986
-21.402311,100,6509.027566
-21.147785,100,6512.053662
-21.820039,100,6515.127732
-16.851377,100,6518.118001
-10.114942,100,6521.179493
-9.356171,100,6524.19514
-19.19383,100,6527.263097
-19.325378,100,6530.287557
-11.647276,100,6533.300485
-11.222361,100,6536.331536
20.607759,100,6539.336656
-9.030509,100,6542.33463
-21.018875,100,6545.45286
-9.087487,100,6548.427966
-10.268016,100,6551.466273
-11.575311,100,6554.467574
-18.186802,100,6557.500022
-21.291916,100,6560.527764
-21.683854,100,6563.572886
-8.698746,100,6566.602947
-8.622854,100,6569.642473
788.671697,100,6572.707692
-18.762104,100,6575.755702
-10.047432,100,6578.74878
-18.753852,100,6581.778927
778.736115,100,11405.369016
-9.349288,100,11408.79076
-17.891952,100,11412.190188
-11.174573,100,11415.504936
-16.446272,100,11418.668964
